{"Home":{"data":{"id":"demo@0.1.0","nodes":{}}},"Comedor":{"data":{"id":"demo@0.1.0","nodes":{"478":{"id":478,"data":{"msg":"Led"},"inputs":{},"outputs":{"Name":{"connections":[{"node":1075,"input":"Name","data":{}}]}},"position":[172.1479663315984,349.03984062482255],"name":"Buttonio"},"479":{"id":479,"data":{"msg":13,"board":"A"},"inputs":{"String":{"connections":[{"node":1075,"output":"Name","data":{}},{"node":1076,"output":"Name","data":{}}]}},"outputs":{},"position":[1061.9545159635763,337.9967723127553],"name":"Led"},"597":{"id":597,"data":{"board":"A","msg":12,"msg2":14,"msg3":2},"inputs":{"String":{"connections":[{"node":598,"output":"Name","data":{}},{"node":609,"output":"Name","data":{}},{"node":610,"output":"Name","data":{}},{"node":999,"output":"Name","data":{}}]}},"outputs":{},"position":[945,9],"name":"Ledrgb"},"598":{"id":598,"data":{"msg":"LED RGB"},"inputs":{},"outputs":{"Name":{"connections":[{"node":597,"input":"String","data":{}}]}},"position":[136,198],"name":"Buttonio"},"609":{"id":609,"data":{"msg":"Slider RGB","min":0,"max":100},"inputs":{},"outputs":{"Name":{"connections":[{"node":597,"input":"String","data":{}}]}},"position":[135,139],"name":"Slider"},"610":{"id":610,"data":{"msg":"Color RGB"},"inputs":{},"outputs":{"Name":{"connections":[{"node":597,"input":"String","data":{}}]}},"position":[119,33],"name":"Colorpicker"},"722":{"id":722,"data":{"msg":"Texto"},"inputs":{},"outputs":{"Name":{"connections":[{"node":723,"input":"Name","data":{}}]}},"position":[715,268],"name":"Inputtext"},"723":{"id":723,"data":{"msg":"console.log(data);"},"inputs":{"Name":{"connections":[{"node":722,"output":"Name","data":{}}]}},"outputs":{"Name":{"connections":[]}},"position":[1121,282],"name":"Function"},"764":{"id":764,"data":{"board":"B","msg":9},"inputs":{"String":{"connections":[{"node":765,"output":"Name","data":{}}]}},"outputs":{},"position":[1030,132],"name":"Servo"},"765":{"id":765,"data":{"min":0,"max":180,"msg":"Servo"},"inputs":{},"outputs":{"Name":{"connections":[{"node":764,"input":"String","data":{}}]}},"position":[198,262],"name":"Slider"},"766":{"id":766,"data":{"msg":"A0","board":"A"},"inputs":{},"outputs":{"Name":{"connections":[{"node":853,"input":"Name","data":{}}]}},"position":[86.9999963713852,-79.9999981391719],"name":"Pinread"},"768":{"id":768,"data":{"msg":"Read"},"inputs":{"String":{"connections":[{"node":853,"output":"Name","data":{}}]}},"outputs":{},"position":[1276,-86],"name":"Read"},"853":{"id":853,"data":{"msg":"dato = data +'º';\nreturn dato;"},"inputs":{"Name":{"connections":[{"node":766,"output":"Name","data":{}}]}},"outputs":{"Name":{"connections":[{"node":768,"input":"String","data":{}}]}},"position":[636.4565726478336,-109.77777470172862],"name":"Function"},"998":{"id":998,"data":{"msg":13,"board":"B"},"inputs":{"String":{"connections":[{"node":1000,"output":"Name","data":{}},{"node":1075,"output":"Name","data":{}},{"node":1076,"output":"Name","data":{}},{"node":1314,"output":"Name","data":{}}]}},"outputs":{},"position":[1057,416],"name":"Led"},"999":{"id":999,"data":{"msg":"Numero"},"inputs":{},"outputs":{"Name":{"connections":[{"node":597,"input":"String","data":{}}]}},"position":[527,190],"name":"Inputnumber"},"1000":{"id":1000,"data":{"msg":"Led press"},"inputs":{},"outputs":{"Name":{"connections":[{"node":998,"input":"String","data":{}}]}},"position":[247.9478759765625,415.29766845703125],"name":"Buttonpress"},"1075":{"id":1075,"data":{"msg":1500},"inputs":{"Name":{"connections":[{"node":478,"output":"Name","data":{}}]}},"outputs":{"Name":{"connections":[{"node":479,"input":"String","data":{}},{"node":998,"input":"String","data":{}},{"node":1077,"input":"Name","data":{}}]}},"position":[495,336],"name":"Delay"},"1076":{"id":1076,"data":{"msg":"return false"},"inputs":{"Name":{"connections":[{"node":1077,"output":"Name","data":{}}]}},"outputs":{"Name":{"connections":[{"node":479,"input":"String","data":{}},{"node":998,"input":"String","data":{}}]}},"position":[729,452],"name":"Function"},"1077":{"id":1077,"data":{"msg":1500},"inputs":{"Name":{"connections":[{"node":1075,"output":"Name","data":{}}]}},"outputs":{"Name":{"connections":[{"node":1076,"input":"Name","data":{}}]}},"position":[453,489],"name":"Delay"},"1314":{"id":1314,"data":{"msg":"fc:a6:67:96:dc:6a"},"inputs":{},"outputs":{"Name":{"connections":[{"node":998,"input":"String","data":{}}]}},"position":[248,566],"name":"Amazondashbutton"}}}}}